{"config": {"epochs": 6, "runs": 3}, "runs": [{"train_loss": [1.1167036568877673, 0.8386989756666049, 0.6374616514552723, 0.4998121981066887, 0.4056699170608713, 0.3362449783869464], "val_loss": [0.9794378999401542, 0.7311213928110459, 0.5572452808127684, 0.44245032527867484, 0.3632105571382186, 0.30298011092578664], "val_acc": [39.00709219858156, 57.730496453900706, 71.5839243498818, 81.9385342789598, 88.32151300236407, 92.10401891252955], "confusion_matrix": {"tp": 1106, "tn": 842, "fp": 138, "fn": 29}}, {"train_loss": [0.6765694768741878, 0.49340523448255325, 0.3590491424606304, 0.2665940508848489, 0.2037753447739765, 0.16050008891357315], "val_loss": [0.564910517019384, 0.4052075936513789, 0.29490308551227346, 0.22053063967648676, 0.17010179074371562, 0.1351378663059543], "val_acc": [63.12056737588652, 89.69267139479905, 96.92671394799055, 98.72340425531915, 99.24349881796691, 99.43262411347517], "confusion_matrix": {"tp": 1130, "tn": 973, "fp": 7, "fn": 5}}, {"train_loss": [0.5616075279134692, 0.46111663799695296, 0.37851527393466294, 0.3114271311446874, 0.2557057925697529, 0.20988110625984693], "val_loss": [0.504342125619159, 0.410710921182352, 0.33595263125265346, 0.2746652106151861, 0.22374780958189683, 0.18250693205524893], "val_acc": [88.98345153664303, 96.92671394799055, 97.82505910165484, 98.4869976359338, 98.81796690307328, 99.10165484633569], "confusion_matrix": {"tp": 1132, "tn": 964, "fp": 16, "fn": 3}}]}